{"cameraMode":{"drawMode":0,"name":"Shaded","section":"Shading Mode"},"sceneLighting":true,"audioPlay":false,"sceneViewState":{"m_AlwaysRefresh":false,"showFog":true,"showSkybox":false,"showFlares":true,"showImageEffects":true,"showParticleSystems":true,"showVisualEffectGraphs":true,"m_FxEnabled":true},"in2DMode":false,"pivot":{"x":2.1100001335144045,"y":1.1900005340576172,"z":2.4699997901916506},"rotation":{"x":0.015923762694001199,"y":-0.26177549362182619,"z":0.004319712053984404,"w":0.9649884700775147},"size":24.24871063232422,"orthographic":false}