{"cameraMode":{"drawMode":0,"name":"Shaded","section":"Shading Mode"},"sceneLighting":true,"audioPlay":false,"sceneViewState":{"m_AlwaysRefresh":false,"showFog":true,"showSkybox":true,"showFlares":true,"showImageEffects":true,"showParticleSystems":true,"showVisualEffectGraphs":true,"m_FxEnabled":true},"in2DMode":false,"pivot":{"x":-3.923737049102783,"y":3.3757545948028566,"z":6.008699893951416},"rotation":{"x":0.0016313347732648254,"y":0.9878022074699402,"z":-0.15535947680473329,"w":0.01037230622023344},"size":0.6584084630012512,"orthographic":false}