{"cameraMode":{"drawMode":0,"name":"Shaded","section":"Shading Mode"},"sceneLighting":false,"audioPlay":false,"sceneViewState":{"m_AlwaysRefresh":false,"showFog":true,"showSkybox":false,"showFlares":true,"showImageEffects":true,"showParticleSystems":true,"showVisualEffectGraphs":true,"m_FxEnabled":true},"in2DMode":false,"pivot":{"x":0.016399353742599489,"y":-0.007660090923309326,"z":0.2079925537109375},"rotation":{"x":-0.13649454712867738,"y":0.779025137424469,"z":-0.1819925159215927,"w":-0.5842679738998413},"size":0.5318269729614258,"orthographic":false}