{"cameraMode":{"drawMode":0,"name":"Shaded","section":"Shading Mode"},"sceneLighting":false,"audioPlay":false,"sceneViewState":{"m_AlwaysRefresh":false,"showFog":true,"showSkybox":false,"showFlares":true,"showImageEffects":true,"showParticleSystems":true,"showVisualEffectGraphs":true,"m_FxEnabled":true},"in2DMode":false,"pivot":{"x":0.12431561946868897,"y":0.14770911633968354,"z":0.3302686810493469},"rotation":{"x":-0.07839052379131317,"y":0.9121030569076538,"z":-0.2073185294866562,"w":-0.3448807895183563},"size":1.0999220609664918,"orthographic":false}