{"cameraMode":{"drawMode":0,"name":"Shaded","section":"Shading Mode"},"sceneLighting":false,"audioPlay":false,"sceneViewState":{"m_AlwaysRefresh":false,"showFog":true,"showSkybox":false,"showFlares":true,"showImageEffects":true,"showParticleSystems":true,"showVisualEffectGraphs":true,"m_FxEnabled":true},"in2DMode":false,"pivot":{"x":0.1087445616722107,"y":0.10094559192657471,"z":-0.022818326950073243},"rotation":{"x":-0.13649454712867738,"y":0.779025137424469,"z":-0.1819925159215927,"w":-0.5842679738998413},"size":1.3360286951065064,"orthographic":false}