{"cameraMode":{"drawMode":0,"name":"Shaded","section":"Shading Mode"},"sceneLighting":true,"audioPlay":false,"sceneViewState":{"m_AlwaysRefresh":false,"showFog":true,"showSkybox":false,"showFlares":true,"showImageEffects":true,"showParticleSystems":true,"showVisualEffectGraphs":true,"m_FxEnabled":true},"in2DMode":false,"pivot":{"x":3.0241174697875978,"y":1.191047191619873,"z":1.3079686164855958},"rotation":{"x":0.17751672863960267,"y":-0.0200730599462986,"z":0.0036215779837220909,"w":0.9839068651199341},"size":2.713167905807495,"orthographic":false}